wiki2,extended_item,weekly_item,wiki100k_page,wiki100k_log_corr,wiki100k_ratio_median,wiki100k_days_equal
de_AAC_AAG_001,T137647,T137647,2009_Indian_Premier_League,0.839865,0.214132,0
de_AAC_AAG_010,T137972,T137972,Song_of_the_Sea_(2014_film),0.592576,1.085066,1
de_AAC_AAG_014,T136950,T136950,Soft_core,0.769244,0.029440,0
de_AAC_AAG_045,T138534,T138534,AMGTV,0.953261,0.893162,3
de_AAC_AAG_063,T137610,T137610,Southern_Comfort,0.609841,1.518877,0
de_AAC_AAG_100,T137250,T137250,Stellar_nucleosynthesis,0.688256,0.914756,2
de_AAC_AAG_110,T141368,T141368,1990_Commonwealth_Games,0.647493,0.273514,0
de_AAC_AAG_123,T140594,T140594,Ahmed_al-Nami,0.810377,1.738796,0
de_AAC_AAG_143,T140787,T140787,2014_FIFA_World_Cup_Group_D,0.881147,0.880171,2
de_AAC_SPD_012,T48427,T48427,Summer_(Calvin_Harris_song),0.290775,67.000000,0
de_AAC_SPD_074,T47241,T47241,South_Ayrshire,0.348497,8.142857,0
de_AAC_SPD_080,T49459,T49459,Ally_Ioannides,0.659604,41.708333,0
de_AAC_SPD_105,T49695,T49695,Allophilia,0.229264,8.166667,0
de_AAC_SPD_115,T49189,T49189,Sidestroke,0.523096,5.343137,0
de_AAC_SPD_133,T47291,T47291,Star_Awards,0.460569,11.000000,0
de_DES_AAG_064,T66321,T66321,Slavery,0.650877,9.702570,0
de_DES_AAG_116,T69296,T69296,Smart_card,0.826645,2.583318,0
de_DES_AAG_131,T65783,T65783,Account_manager,0.893147,1.010396,0
de_MOB_AAG_015,T114581,T114581,Adam_Driver,0.718675,50.091702,0
de_MOB_AAG_020,T114511,T114511,Show_Champion,0.507501,0.303106,0
de_MOB_AAG_032,T118438,T118438,Alta_View_Hospital_hostage_incident,0.465323,0.149316,0
de_MOB_AAG_059,T115141,T115141,Alexis_Bledel,0.849488,19.311654,0
de_MOB_AAG_062,T116257,T116257,2014_Armenian–Azerbaijani_clashes,0.601335,0.256112,1
de_MOB_AAG_088,T118327,T118327,Alex_Lawther,0.703071,1.203921,2
de_MOB_AAG_095,T118348,T118348,42_(Doctor_Who),0.738669,18.000000,0
de_MOB_AAG_109,T114149,T114149,Sistrurus_miliarius_barbouri,0.624989,0.141307,0
de_MOB_AAG_122,T118491,T118491,She's_a_Beauty,0.565832,1.224747,4
de_MOB_AAG_149,T117431,T117431,Shrove_Tuesday,0.914586,7.613171,0
en_AAC_AAG_044,T113464,T113464,A_Streetcar_Named_Marge,0.458342,0.804673,1
en_AAC_AAG_049,T39546,T39546,Socialist_Party_USA,0.805719,0.183006,0
en_AAC_AAG_075,T113449,T113449,2002_Atlanta_Falcons_season,0.392824,1.136364,16
en_AAC_AAG_114,T38565,T38565,Son_Chang-min,0.482923,0.009423,0
en_AAC_AAG_119,T39120,T39120,Shawn_Mendes,0.999738,0.990211,0
en_AAC_AAG_141,T111543,T111543,Six_Feet_Under_(TV_series),0.512561,2.249135,0
en_AAC_SPD_004,T36401,T36401,Abingdon-on-Thames,0.339417,8.795833,0
en_AAC_SPD_011,T36652,T36652,Stan_Hansen,0.498591,20.122159,0
en_AAC_SPD_026,T37009,T37009,1908_in_the_United_States,0.585814,2.083916,2
en_AAC_SPD_048,T36349,T36349,Siragugal,0.433448,3.600000,0
en_AAC_SPD_067,T34310,T34310,Suicide_Is_Painless,0.517637,31.602679,0
en_AAC_SPD_126,T36665,T36665,1984–85_Villanova_Wildcats_men's_basketball_team,0.551538,0.118824,0
en_AAC_SPD_140,T33826,T33826,ATR_42,0.602219,58.157343,0
en_DES_AAG_016,T12152,T12152,Siobhan,0.937683,0.500787,1
en_DES_AAG_024,T10275,T10275,Stephen_Breyer,0.882803,0.623277,0
en_DES_AAG_042,T8809,T8809,Al_Cowlings,0.854729,1.245666,0
en_DES_AAG_069,T8957,T8957,About_a_Boy_(TV_series),0.891732,0.258802,0
en_DES_AAG_082,T11501,T11501,Alexis_Bledel,0.915527,3.656113,0
en_DES_AAG_102,T13212,T13212,Alejandro_González_Iñárritu,0.984561,1.819545,0
en_MOB_AAG_018,T72926,T72926,Sock-Cess,0.750999,0.060149,0
en_MOB_AAG_022,T74938,T74938,"ASP,_Inc.",0.543809,0.059261,0
en_MOB_AAG_101,T75411,T75411,"St_George's_Chapel,_Windsor_Castle",0.925724,1.257855,0
en_MOB_AAG_124,T74272,T74272,Alia_Bhatt,0.534101,3.126096,0
fr_AAC_AAG_029,T24255,T24255,Address,0.577622,0.450024,0
fr_AAC_AAG_046,T25478,T25478,Sixto_Durán_Ballén,0.647232,0.363636,0
fr_AAC_AAG_070,T26912,T26912,Slammy_Award,0.640644,2.088023,0
fr_AAC_AAG_087,T24776,T24776,Song_Kang-ho,0.452056,0.493951,0
fr_AAC_AAG_098,T25411,T25411,Sofia_Helin,0.884837,0.759762,1
fr_AAC_AAG_104,T27348,T27348,2015–16_NBA_season,0.813996,3.315013,0
fr_AAC_AAG_111,T26774,T26774,Aging_of_wine,0.541188,0.965614,2
fr_AAC_AAG_112,T26675,T26675,Snare_drum,0.625608,0.468623,0
fr_AAC_AAG_142,T27590,T27590,2300_Arena,0.675310,0.154091,0
fr_AAC_SPD_025,T128314,T128314,Siemens_&_Halske,0.294296,5.788889,0
fr_AAC_SPD_027,T130298,T130298,Adam_Baldridge,0.371534,3.682540,6
fr_AAC_SPD_035,T128973,T128973,2nd_Cavalry_Regiment_(Australia),0.270969,8.500000,0
fr_AAC_SPD_077,T131368,T131368,2nd_Cavalry_Regiment_(Australia),0.301709,7.450000,0
fr_AAC_SPD_084,T129393,T129393,Stephen_Girard,0.344498,23.250000,0
fr_AAC_SPD_097,T128006,T128006,7_(Prince_song),0.379785,16.500000,0
fr_AAC_SPD_130,T127786,T127786,2nd_Cavalry_Regiment_(Australia),0.298559,8.000000,0
fr_DES_AAG_023,T5310,T5310,All_About_My_Romance,0.630695,0.195761,0
fr_DES_AAG_043,T4794,T4794,Standard_electrode_potential,0.590463,0.648324,0
fr_DES_AAG_051,T7009,T7009,Acropachy,0.787158,0.491537,1
fr_DES_AAG_058,T7092,T7092,Sufganiyah,0.792263,0.202777,0
fr_DES_AAG_061,T6971,T6971,Simone_Zaza,0.844493,15.657384,0
fr_DES_AAG_091,T7599,T7599,2014–15_NHL_season,0.834511,0.814835,0
fr_DES_AAG_093,T6320,T6320,2010–11_La_Liga,0.454264,0.474743,0
fr_DES_AAG_094,T7182,T7182,2004_presidential_election,0.835135,0.176945,0
fr_DES_AAG_136,T5920,T5920,Shimon_Peres,0.906534,10.794825,0
fr_MOB_AAG_006,T55520,T55520,Ahmed_al-Nami,0.612580,3.342342,0
fr_MOB_AAG_030,T54423,T54423,Alcohol_by_volume,0.397561,4.495729,0
fr_MOB_AAG_066,T52649,T52649,Singin'_in_the_Rain,0.531251,56.083333,0
fr_MOB_AAG_117,T51128,T51128,Sunjo_of_Joseon,0.817285,1.213248,2
fr_MOB_AAG_120,T55193,T55193,Sohni_Mahiwal_(1984_film),0.785161,0.325452,0
fr_MOB_AAG_121,T55017,T55017,Supernatural_(season_11),0.743863,9.217474,0
fr_MOB_AAG_135,T51195,T51195,All_for_Love_(song),0.662487,1.584408,0
fr_MOB_AAG_147,T55212,T55212,About_Last_Night..._(South_Park),0.732449,0.680220,1
ja_AAC_AAG_038,T119408,T119408,Adhyayan_Suman,0.561550,0.249660,0
ja_AAC_AAG_047,T122621,T122621,Sidney_Phillips,0.376450,1.412500,2
ja_AAC_AAG_055,T120879,T120879,Akira,0.804649,0.614899,0
ja_AAC_AAG_076,T121815,T121815,Shared_universe,0.705675,0.215613,0
ja_AAC_AAG_099,T120216,T120216,1910_Great_Flood_of_Paris,0.762252,1.166187,11
ja_AAC_AAG_128,T121638,T121638,Alison_Sudol,0.748893,1.986563,0
ja_AAC_AAG_132,T122698,T122698,Super_Star_Wars,0.745919,0.119612,0
ja_AAC_AAG_134,T119326,T119326,1996_Summer_Olympics_medal_table,0.790983,0.468379,2
ja_AAC_AAG_137,T121769,T121769,Advent_wreath,0.725677,0.109963,0
ja_AAC_SPD_013,T136161,T136161,Shane_Spencer,0.518258,0.365335,0
ja_AAC_SPD_034,T133049,T133049,Against_the_Wind_(miniseries),0.661006,6.741667,0
ja_AAC_SPD_050,T132124,T132124,.300_AAC_Blackout,0.784932,0.220486,0
ja_AAC_SPD_060,T133581,T133581,Sigmundur_Davíð_Gunnlaugsson,0.507816,5.825758,0
ja_AAC_SPD_078,T135382,T135382,Strip_steak,0.526459,2.249017,0
ja_AAC_SPD_106,T135657,T135657,Alison_Brie,0.521000,77.115889,0
ja_DES_AAG_079,T84747,T84747,Sol-fa_(album),0.725572,0.109572,0
ja_DES_AAG_081,T85231,T85231,Stephen_O'Halloran,0.731169,0.312511,0
ja_DES_AAG_113,T87960,T87960,ASAP_Mob,0.578069,49.695035,0
ja_MOB_AAG_065,T56259,T56259,Special_Reconnaissance_Unit,0.621415,0.101523,0
ja_MOB_AAG_073,T59194,T59194,A_Lighter_Shade_of_Brown,0.602302,0.202314,0
ja_MOB_AAG_092,T58248,T58248,Administrator_of_the_Small_Business_Administration,0.784731,0.515877,3
ja_MOB_AAG_127,T57591,T57591,Slick_Rick,0.411547,3.293427,0
ja_MOB_AAG_129,T58292,T58292,Star_of_the_South,0.681365,0.076252,0
ja_MOB_AAG_144,T55954,T55954,Sons_of_Silence,0.461844,0.639577,3
ru_AAC_AAG_008,T99409,T99409,Standard_molar_entropy,0.780723,0.085735,0
ru_AAC_AAG_145,T99920,T99920,Standard_deduction,0.762577,0.124698,0
ru_AAC_AAG_146,T98660,T98660,5.56×45mm_NATO,0.776980,52.496212,0
ru_AAC_SPD_000,T126919,T126919,A-level,0.651198,14.085714,0
ru_AAC_SPD_090,T126299,T126299,2016_Asia_Cup,0.757857,18.735088,0
ru_AAC_SPD_148,T125866,T125866,A_Resurrection_(film),0.414996,5.080128,0
ru_DES_AAG_003,T103491,T103491,2014–15_Leicester_City_F.C._season,0.602316,0.303672,0
ru_DES_AAG_007,T101352,T101352,Adele_Bloch-Bauer,0.540685,0.096145,0
ru_DES_AAG_017,T102991,T102991,Squirtle,0.881610,1.356325,0
ru_DES_AAG_041,T104016,T104016,"Solar_eclipse_of_March_9,_2016",0.774523,0.143877,0
ru_DES_AAG_071,T104414,T104414,Adventures_of_Huckleberry_Finn,0.561953,2.447028,0
ru_DES_AAG_072,T104625,T104625,111th_United_States_Congress,0.812738,1.064975,0
ru_MOB_AAG_002,T18552,T18552,Sue_(Or_in_a_Season_of_Crime),0.837409,1.228592,4
ru_MOB_AAG_040,T18165,T18165,Adem_Jashari,0.524370,0.490941,0
ru_MOB_AAG_083,T19125,T19125,A_Scandal_in_Belgravia,0.788785,0.839754,1
ru_MOB_AAG_086,T18582,T18582,Against_All_Odds_(Take_a_Look_at_Me_Now),0.497429,0.529749,0
ru_MOB_AAG_103,T15979,T15979,Sinocentrism,0.646587,0.288472,0
ru_MOB_AAG_107,T18299,T18299,2012_Seattle_Seahawks_season,0.788039,4.116474,0
ru_MOB_AAG_118,T18454,T18454,2016_Kids'_Choice_Awards,0.753613,2.140687,0
ru_MOB_AAG_125,T16042,T16042,Alina_Kabaeva,0.479173,0.295758,0
zh_AAC_AAG_021,T29228,T29228,Stéphane_Peterhansel,0.823252,0.382947,0
zh_AAC_AAG_033,T30878,T30878,2016_UEFA_European_Under-19_Championship,0.797541,4.555556,1
zh_AAC_AAG_037,T30728,T30728,Shivaji_Satam,0.856055,5.222727,0
zh_AAC_AAG_052,T28101,T28101,18th_Division_(Imperial_Japanese_Army),0.708196,0.009927,0
zh_AAC_AAG_057,T28068,T28068,African_Footballer_of_the_Year,0.713969,0.582794,0
zh_AAC_AAG_085,T31285,T31285,2015_in_film,0.712175,34.369865,0
zh_AAC_AAG_108,T28576,T28576,Alice_Palmer_(politician),0.800163,0.072121,0
zh_AAC_SPD_039,T1279,T1279,Alexander_(Byzantine_emperor),0.264220,2.888889,0
zh_AAC_SPD_096,T456,T456,Shin_Min-a,0.261404,211.738095,0
zh_DES_AAG_009,T60904,T60904,Shirley_Ardell_Mason,0.515212,5.797199,0
zh_DES_AAG_019,T61617,T61617,Stephanie_Ho,0.643895,0.129769,0
zh_DES_AAG_053,T61020,T61020,Sufganiyah,0.717092,0.270915,0
zh_DES_AAG_054,T62681,T62681,2009_Jupiter_impact_event,0.672382,0.258123,0
zh_DES_AAG_056,T61559,T61559,1980s_in_music,0.631072,0.673736,0
zh_DES_AAG_068,T61750,T61750,Snegurochka,0.808017,0.889658,1
zh_DES_AAG_089,T61999,T61999,A_Game_of_Thrones,0.797415,21.202677,0
zh_DES_AAG_139,T63343,T63343,Alison_Sudol,0.794675,2.552529,0
zh_MOB_AAG_005,T105898,T105898,A_Bronx_Tale_(play),0.424512,9.038462,0
zh_MOB_AAG_028,T108584,T108584,Adivi_Sesh,0.683523,9.204839,0
zh_MOB_AAG_031,T108160,T108160,Shivaji_Satam,0.626115,1.516862,1
zh_MOB_AAG_036,T106670,T106670,Alan_Dobie,0.776192,0.489444,1
zh_MOB_AAG_138,T105976,T105976,Spring_break,0.860191,6.345238,0
